{
  "name": "satellizer",
  "version": "0.9.2",
  "main": "satellizer.js",
  "homepage": "https://github.com/sahat/satellizer",
  "ignore": [
    ".gitignore",
    ".jshintrc",
    ".travis.yml",
    "bower_components",
    "node_modules",
    "karma.conf.js",
    "package.json",
    "gulpfile.js",
    "examples",
    "coverage",
    "test"
  ],
  "dependencies": {
    "angular": "latest"
  },
  "_release": "0.9.2",
  "_resolution": {
    "type": "version",
    "tag": "0.9.2",
    "commit": "452424fd54f7a1836f5a60f80c543bcea76ad082"
  },
  "_source": "git://github.com/sahat/satellizer.git",
  "_target": "~0.9.2",
  "_originalSource": "satellizer",
  "_direct": true
}