{
  "name": "angular-animate",
  "version": "1.3.13",
  "main": "./angular-animate.js",
  "ignore": [],
  "dependencies": {
    "angular": "1.3.13"
  },
  "homepage": "https://github.com/angular/bower-angular-animate",
  "_release": "1.3.13",
  "_resolution": {
    "type": "version",
    "tag": "v1.3.13",
    "commit": "f18cb98590471ad9c1e5ae0e57178e9ecb8d384c"
  },
  "_source": "git://github.com/angular/bower-angular-animate.git",
  "_target": "~1.3.13",
  "_originalSource": "angular-animate",
  "_direct": true
}